{"cameraMode":{"drawMode":0,"name":"Shaded","section":"Shading Mode"},"sceneLighting":true,"audioPlay":false,"sceneViewState":{"showFog":true,"showMaterialUpdate":false,"showSkybox":true,"showFlares":true,"showImageEffects":true,"showParticleSystems":true},"in2DMode":false,"pivot":{"x":2.1399362087249758,"y":2.1928634643554689,"z":-7.639467239379883},"rotation":{"x":0.09286600351333618,"y":-0.0020923444535583259,"z":0.00019516667816787958,"w":0.9956765174865723},"size":12.37832260131836,"orthographic":true}